{
    "First Eval": 0.18145032227039337,
    "Second Eval": -7.541214775604507e-07,
    "Second Eval whole": [
        -4.589750096783973e-05,
        -7.864811777835712e-06,
        5.149994831299409e-05
    ],
    "Third Eval": 0.10561325649420421
}