{"First Eval": 0.34978529314200085, "Second Eval": 0.030114987554649513, "Third Eval": 0.11206742624441783}