{"First Eval": 0.32638896256685257, "Second Eval": 0.00017743952776072547, "Third Eval": 0.09452678014834721}