{"First Eval": 0.3210625524322192, "Second Eval": 0.04571696867545446, "Second Eval whole": [0.020145878195762634, 0.03949138522148132, 0.07751364260911942], "Third Eval": 0.15371447801589966}