{
    "First Eval": 0.19595351070165634,
    "Second Eval": 0.049146185318628945,
    "Second Eval whole": [
        0.034403085708618164,
        0.03900554031133652,
        0.07402992993593216
    ],
    "Third Eval": 0.12110354006290436
}