{"First Eval": 0.20368544509013495, "Second Eval": 0.055746689438819885, "Second Eval whole": [0.05053888261318207, 0.040554970502853394, 0.0761462152004242], "Third Eval": 0.13836053013801575}