{"First Eval": 0.3637392620245616, "Second Eval": -5.3304043831303716e-05, "Second Eval whole": [-0.000297303224215284, -0.0005651966785080731, 0.0007025877712294459], "Third Eval": 0.161273792386055}