{"First Eval": 0.37259696424007416, "Second Eval": -3.894588320463299e-05, "Second Eval whole": [-0.00017424317775294185, 5.827548079651024e-07, 5.682277333107777e-05], "Third Eval": 0.14764632284641266}