{"First Eval": 0.2010145535071691, "Second Eval": 0.04577863092223803, "Second Eval whole": [0.036770448088645935, 0.04348132386803627, 0.05708412081003189], "Third Eval": 0.1592281460762024}