{"First Eval": 0.3840297112862269, "Second Eval": 0.02994140361746152, "Second Eval whole": [0.012529164552688599, -0.03672678396105766, 0.11402183026075363], "Third Eval": 0.07963249832391739}