{"First Eval": 0.33262694378693897, "Second Eval": 0.0005468317588868862, "Third Eval": 0.09128447622060776}