{
    "First Eval": 0.3698676526546478,
    "Second Eval": 0.00016716210908877352,
    "Second Eval whole": [
        -0.00016256351955235004,
        -6.681887316517532e-05,
        0.000730868719983846
    ],
    "Third Eval": 0.1251941124598185
}