{"First Eval": 0.37943363686402637, "Second Eval": 0.0004488776733827156, "Second Eval whole": [-0.000222238915739581, -8.090209303190932e-05, 0.0016497740289196372], "Third Eval": 0.09622992326815923}