{"First Eval": 0.3667544672886531, "Second Eval": 0.026148496195673943, "Third Eval": 0.08265779912471771}