{"First Eval": 0.3323758045832316, "Second Eval": 0.0005718007663138754, "Second Eval whole": [0.0018239308847114444, -0.00010272982763126493, -5.798758138553239e-06], "Third Eval": 0.1281056528290113}