{"First Eval": 0.19918316851059595, "Second Eval": 4.542250280792359e-05, "Third Eval": 0.08253906046350797}