{"First Eval": 0.37520673871040344, "Second Eval": 8.88284945782895e-05, "Second Eval whole": [-0.00019599325605668128, -0.00021881818247493356, 0.0006812969222664833], "Third Eval": 0.1361001320183277}