{
    "First Eval": 0.325016292432944,
    "Second Eval": 0.045509811180333294,
    "Second Eval whole": [
        0.010499480180442333,
        0.04559534043073654,
        0.08043461292982101
    ],
    "Third Eval": 0.08037034856776397
}