{"First Eval": 0.2038558473189672, "Second Eval": 0.05186954761544863, "Second Eval whole": [0.03205160051584244, 0.04613252356648445, 0.07742451876401901], "Third Eval": 0.11892309536536534}