{"First Eval": 0.3326139897108078, "Second Eval": 0.044907242680589356, "Second Eval whole": [0.019392548128962517, 0.04805340990424156, 0.067275770008564], "Third Eval": 0.08346184839804967}