{"First Eval": 0.20282452801863352, "Second Eval": 0.045439296712478004, "Second Eval whole": [0.03058471903204918, 0.04531253129243851, 0.06042063981294632], "Third Eval": 0.09732761854926746}