{"First Eval": 0.3304942051569621, "Second Eval": 0.050062092021107674, "Second Eval whole": [0.022155242040753365, 0.043039869517087936, 0.08499116450548172], "Third Eval": 0.12963983416557312}