{"First Eval": 0.372456615169843, "Second Eval": 0.0001771509244766397, "Second Eval whole": [-7.501753134420142e-05, -4.266327596269548e-05, 0.0006491335807368159], "Third Eval": 0.10252357522646587}