{"First Eval": 0.19602754712104797, "Second Eval": -8.772529569493297e-05, "Third Eval": 0.13406290113925934}