{"First Eval": 0.33351876338322956, "Second Eval": 0.051045491670568786, "Second Eval whole": [0.024685049429535866, 0.048553552478551865, 0.07989787310361862], "Third Eval": 0.14811242123444876}