{"First Eval": 0.20314625898996988, "Second Eval": 0.05849630385637283, "Second Eval whole": [0.06018587201833725, 0.04704398661851883, 0.06825905293226242], "Third Eval": 0.07506452004114787}