{"First Eval": 0.30804861585299176, "Second Eval": 0.04639174478749434, "Second Eval whole": [0.01715337671339512, 0.04419781640172005, 0.07782404124736786], "Third Eval": 0.11311955501635869}