{"First Eval": 0.20267238467931747, "Second Eval": 0.049033949772516884, "Second Eval whole": [0.03544005751609802, 0.04427878558635712, 0.06738300621509552], "Third Eval": 0.1290347451965014}