{
    "First Eval": 0.3862248957157135,
    "Second Eval": 1.837762101786211e-05,
    "Second Eval whole": [
        -0.00010129337169928476,
        -7.795912097208202e-06,
        0.0001642221468500793
    ],
    "Third Eval": 0.12162816276152928
}