{"First Eval": 0.28336632003386814, "Second Eval": 0.06066904217004776, "Second Eval whole": [0.06128811463713646, 0.043171267956495285, 0.07754774391651154], "Third Eval": 0.15058230608701706}