{"First Eval": 0.35957613587379456, "Second Eval": 0.00645084159138302, "Second Eval whole": [0.019143182784318924, -0.0015959987649694085, 0.0018053407547995448], "Third Eval": 0.10784249690671761}