{"First Eval": 0.338418647646904, "Second Eval": -0.0011628051336932306, "Second Eval whole": [-0.0011718362802639604, -0.002520360052585602, 0.00020378093176987022], "Third Eval": 0.11262700955073039}