{"First Eval": 0.3384186377127965, "Second Eval": -0.0011627616525705282, "Second Eval whole": [-0.0011718223104253411, -0.00252025225199759, 0.00020378960471134633], "Third Eval": 0.12167018031080563}