{
    "First Eval": 0.21670417487621307,
    "Second Eval": -0.0036926112758616605,
    "Second Eval whole": [
        0.001968623837456107,
        -0.003804656909778714,
        -0.009241800755262375
    ],
    "Third Eval": 0.09792827193935712
}