{
    "First Eval": 0.35854628185431164,
    "Second Eval": 0.0037062346624831357,
    "Second Eval whole": [
        0.01260314416140318,
        -0.00044171407353132963,
        -0.001042726100422442
    ],
    "Third Eval": 0.0963853547970454
}