{"First Eval": 0.35854625205198926, "Second Eval": 0.0037223028872782984, "Second Eval whole": [0.012655587866902351, -0.0003495836863294244, -0.0011390955187380314], "Third Eval": 0.11839961260557175}