{
    "First Eval": 0.3180253158013026,
    "Second Eval": 0.000786593018953378,
    "Second Eval whole": [
        -3.1080126063898206e-05,
        0.0033510939683765173,
        -0.0009602347854524851
    ],
    "Third Eval": 0.08536026999354362
}