{"First Eval": 0.3384186575810115, "Second Eval": -0.0011628016363829374, "Second Eval whole": [-0.0011718306923285127, -0.0025203528348356485, 0.0002037786180153489], "Third Eval": 0.11262691269318263}