{"First Eval": 0.2154528150955836, "Second Eval": -0.00885982671752572, "Second Eval whole": [-0.008291362784802914, -0.001766782719641924, -0.016521334648132324], "Third Eval": 0.12477326020598412}