{"First Eval": 0.338418647646904, "Second Eval": -0.001273754072220375, "Second Eval whole": [-0.0011835668701678514, -0.0028547144029289484, 0.00021701905643567443], "Third Eval": 0.10661986966927846}