{"First Eval": 0.338418647646904, "Second Eval": -0.0011627467417080577, "Second Eval whole": [-0.0011718134628608823, -0.002520212670788169, 0.00020378590852487832], "Third Eval": 0.11262645820776622}