{"First Eval": 0.3585462619860967, "Second Eval": 0.0037062125241694352, "Third Eval": 0.09792916973431905}