{"First Eval": 0.2154528150955836, "Second Eval": -0.008781930819774667, "Second Eval whole": [-0.007713240571320057, -0.001982540125027299, -0.016650011762976646], "Third Eval": 0.11842627947529157}