{"First Eval": 0.21545284986495972, "Second Eval": -0.00878217932768166, "Second Eval whole": [-0.007713680621236563, -0.001982532674446702, -0.016650324687361717], "Third Eval": 0.1078425149122874}