{"First Eval": 0.3585462768872579, "Second Eval": 0.0037224355813426277, "Second Eval whole": [0.012655970640480518, -0.0003495626733638346, -0.001139101223088801], "Third Eval": 0.11843008051315944}