{"First Eval": 0.3384186575810115, "Second Eval": -0.0012737710688573618, "Third Eval": 0.11802549163500468}