{"First Eval": 0.3595761259396871, "Second Eval": 0.006452883593738079, "Second Eval whole": [0.019126571714878082, -0.0016803728649392724, 0.0019124519312754273], "Third Eval": 0.12458434514701366}