{"First Eval": 0.21670417487621307, "Second Eval": -0.003737618215382099, "Second Eval whole": [0.0022465146612375975, -0.0038718085270375013, -0.009587560780346394], "Third Eval": 0.11840114742517471}