{"First Eval": 0.21545283993085226, "Second Eval": -0.00885971492001166, "Third Eval": 0.09637815008560817}