{
    "First Eval": 0.35957613090674084,
    "Second Eval": 0.006450896888660888,
    "Second Eval whole": [
        0.019143322482705116,
        -0.0015959825832396746,
        0.001805350766517222
    ],
    "Third Eval": 0.11841730028390884
}