{"First Eval": 0.21545282999674478, "Second Eval": -0.008782002919663986, "Second Eval whole": [-0.007713221944868565, -0.0019825720228254795, -0.016650214791297913], "Third Eval": 0.09778534310559432}