{"First Eval": 0.21545282502969107, "Second Eval": -0.008781892945989966, "Second Eval whole": [-0.007712943013757467, -0.0019825694616883993, -0.016650166362524033], "Third Eval": 0.11842836439609528}