{"First Eval": 0.45267853913648987, "Second Eval": 0.05927533665969074, "Second Eval whole": [0.05953421507777426, 0.016579505046259647, 0.10171228985503833], "Third Eval": 0.0209314994506625}