{"First Eval": 0.45267853913648987, "Second Eval": -0.018058654212023493, "Second Eval whole": [-0.010867268215895088, -0.022545951625721882, -0.02076274279445351], "Third Eval": -2.7670968972652387e-09}