{"First Eval": 0.41121768391266045, "Second Eval": 0.03777129038313264, "Second Eval whole": [0.041585529340135895, -0.05632898847175846, 0.12805733028102048], "Third Eval": 0.0209314994506625}