{"First Eval": 0.41121768391266045, "Second Eval": -0.0008444877336368431, "Second Eval whole": [-0.0006531395413577504, -0.0037452037404189973, 0.0018648800808662186], "Third Eval": -2.7670968972652387e-09}