{"First Eval": 0.45267853913648987, "Second Eval": 0.05927533665969074, "Third Eval": 0.0209314994506625}