{"First Eval": 0.4188988752765607, "Second Eval": -0.0024421584871513902, "Second Eval whole": [-0.0037043737647280833, -8.950228829670884e-06, -0.003613151467896417], "Third Eval": -2.7670968972652387e-09}