{"First Eval": 0.2941291301663931, "Second Eval": 0.08432845752853747, "Third Eval": 0.0209314994506625}