{"First Eval": 0.433859756042368, "Second Eval": 0.0570992095655641, "Second Eval whole": [0.042636425019830795, 0.020274613970960077, 0.10838658970590141], "Third Eval": 0.0209314994506625}