{"First Eval": 0.2941291301663931, "Second Eval": 0.006871655615763943, "Second Eval whole": [0.020028776350431206, 0.000965860140896815, -0.00037966964403619234], "Third Eval": -2.7670968972652387e-09}