{
    "First Eval": 0.45267853913648987,
    "Second Eval": 0.05935226712141814,
    "Second Eval whole": [
        0.05877612836628606,
        0.016321527623968074,
        0.10295914537400028
    ],
    "Third Eval": 0.005119422907462479
}