{
    "First Eval": 0.2941291301663931,
    "Second Eval": 0.08432845752853747,
    "Second Eval whole": [
        0.1048703197650233,
        0.04938491638811096,
        0.09873013643247817
    ],
    "Third Eval": 0.0209314994506625
}