{"First Eval": 0.41121768391266045, "Second Eval": 0.03753451743966934, "Second Eval whole": [0.04111944807324877, -0.05631070526847905, 0.1277948095142383], "Third Eval": 0.005119422907462479}