{"First Eval": 0.48620955190824544, "Second Eval": 0.07127902454382047, "Third Eval": 0.021131301046222618}