{"First Eval": 0.2941291301663931, "Second Eval": 0.08424802655828588, "Second Eval whole": [0.10412281922709751, 0.049519519106993724, 0.09910174134076638], "Third Eval": 0.05736233693492578}