{"First Eval": 0.4188988752765607, "Second Eval": 0.0338010641439824, "Second Eval whole": [0.035369228166187566, -0.05769838404473599, 0.12373234831049564], "Third Eval": 0.005119422907462479}