{
    "First Eval": 0.48620955190824544,
    "Second Eval": 0.07139736999153079,
    "Third Eval": 0.0209314994506625
}