{"First Eval": 0.433859756042368, "Second Eval": 0.05725838903949737, "Second Eval whole": [0.04216925674377509, 0.020109444243455545, 0.10949646613126149], "Third Eval": 0.005119422907462479}