{"First Eval": 0.4188988752765607, "Second Eval": 0.033953907627597375, "Second Eval whole": [0.035903842734071156, -0.05777951002698368, 0.12373739017570465], "Third Eval": 0.005053044939853254}