{"First Eval": 0.41121768391266045, "Second Eval": 0.03777129038313264, "Third Eval": 0.0209314994506625}